{"textNumber":324,"color":[0.6057966563932538,0.7123298046864626,0.5638726638128468,1],"outputName":"output-324-0.6057966563932538-0.7123298046864626-0.5638726638128468-1.mp4"}